,City,Country,Lat,Lng,Max Temp,Humidity,Cloudiness,Wind Speed,Description
0,New Norfolk,AU,-42.7826,147.0587,60.3,85,100,1.01,moderate rain
1,Natal,BR,-5.795,-35.2094,79.45,83,75,10.36,broken clouds
2,Severo-Kurilsk,RU,50.6789,156.125,38.95,66,57,17.11,light rain
3,Port Alfred,ZA,-33.5906,26.891,66.18,97,61,5.01,light rain
4,Ilulissat,GL,69.2167,-51.1,27.27,97,100,4.43,light snow
5,Faanui,PF,-16.4833,-151.75,79.83,77,100,17.85,overcast clouds
6,Kodiak,US,57.79,-152.4072,44.11,57,0,4.61,clear sky
7,Mahebourg,MU,-20.4081,57.7,77.29,65,40,11.5,scattered clouds
8,Bethel,US,41.3712,-73.414,61.48,89,100,3.44,mist
9,Vaini,TO,-21.2,-175.2,73.56,60,75,10.36,broken clouds
10,Yellowknife,CA,62.456,-114.3525,27.12,86,100,9.22,overcast clouds
11,Padang,ID,-0.9492,100.3543,82.45,78,100,4.76,overcast clouds
12,Ushuaia,AR,-54.8,-68.3,37.06,81,20,20.71,few clouds
13,Rio Gallegos,AR,-51.6226,-69.2181,35.65,75,0,11.5,clear sky
14,Provideniya,RU,64.3833,-173.3,23.36,63,20,4.47,fog
15,Chilca,PE,-12.5211,-76.7372,60.19,88,50,7.96,scattered clouds
16,San Jeronimo,PE,-11.9472,-75.2829,53.67,74,99,1.54,overcast clouds
17,Airai,TL,-8.9266,125.4092,77.54,50,100,1.79,overcast clouds
18,Paamiut,GL,61.994,-49.6678,30.47,77,95,7.99,overcast clouds
19,Coihaique,CL,-45.5752,-72.0662,48.81,81,100,2.3,overcast clouds
20,Mataura,NZ,-46.1927,168.8643,57.47,36,0,2.71,clear sky
21,Hermanus,ZA,-34.4187,19.2345,60.8,69,100,10.22,overcast clouds
22,Kapaa,US,22.0752,-159.319,84.18,80,75,18.41,broken clouds
23,Tumkur,IN,13.3422,77.1017,75.4,46,2,5.19,clear sky
24,Rikitea,PF,-23.1203,-134.9692,73.17,81,3,16.33,light rain
25,Lagos,NG,6.5833,3.75,77.32,94,99,1.54,overcast clouds
26,Tuktoyaktuk,CA,69.4541,-133.0374,14.0,92,75,3.44,light snow
27,Upernavik,GL,72.7868,-56.1549,27.3,94,100,8.97,light snow
28,Albany,US,42.6001,-73.9662,58.26,95,100,2.62,overcast clouds
29,Lutz,US,28.1511,-82.4615,75.78,76,0,0.0,clear sky
30,Half Moon Bay,US,37.4636,-122.4286,61.61,68,0,13.8,clear sky
31,Bluff,NZ,-46.6,168.3333,57.79,65,0,11.5,clear sky
32,Luderitz,NA,-26.6481,15.1594,60.4,78,100,14.25,overcast clouds
33,Thinadhoo,MV,0.5333,72.9333,82.42,74,25,9.57,scattered clouds
34,Zunyi,CN,27.6867,106.9072,73.85,41,87,9.22,overcast clouds
35,Khandbari,NP,27.3747,87.2039,73.2,52,15,3.13,few clouds
36,Krasnovishersk,RU,60.4078,57.082,30.13,95,99,6.24,overcast clouds
37,Norman Wells,CA,65.282,-126.8329,21.24,93,100,4.61,light snow
38,Barrow,US,71.2906,-156.7887,15.82,92,0,20.71,clear sky
39,Hilo,US,19.7297,-155.09,78.53,81,40,3.44,scattered clouds
40,Seydi,TM,39.4816,62.9137,55.98,58,100,4.92,light rain
41,Houston,US,29.7633,-95.3633,78.13,82,75,11.5,haze
42,Port Elizabeth,ZA,-33.918,25.5701,67.32,99,75,13.8,mist
43,Faya,SA,18.3851,42.4509,59.11,47,0,3.94,clear sky
44,Punta Arenas,CL,-53.15,-70.9167,32.11,86,0,8.05,clear sky
45,Port Lincoln,AU,-34.7333,135.8667,62.82,76,87,11.72,overcast clouds
46,Naze,JP,28.3667,129.4833,68.92,55,95,18.57,overcast clouds
47,Aklavik,CA,68.2191,-135.0107,1.33,99,62,1.48,broken clouds
48,Aasiaat,GL,68.7098,-52.8699,31.12,84,100,18.72,overcast clouds
49,Karratha,AU,-20.7377,116.8463,85.89,26,0,15.03,clear sky
50,Bredasdorp,ZA,-34.5322,20.0403,61.18,61,100,12.06,overcast clouds
51,Vardo,NO,70.3705,31.1107,30.18,80,99,11.5,overcast clouds
52,Kuala Terengganu,MY,5.3302,103.1408,86.99,74,20,13.0,few clouds
53,Ponta Do Sol,PT,32.6667,-17.1,72.01,90,94,3.29,light rain
54,Bridge City,US,30.0208,-93.8457,75.97,90,0,11.5,clear sky
55,Leshan,CN,29.5623,103.7639,60.89,87,100,3.11,overcast clouds
56,Lebu,CL,-37.6167,-73.65,49.68,92,100,3.98,overcast clouds
57,Tiksi,RU,71.6872,128.8694,18.77,95,100,0.96,light snow
58,Ambunti,PG,-4.2365,142.8448,91.22,55,80,0.67,broken clouds
59,Alta Gracia,AR,-31.6529,-64.4283,72.37,59,22,2.82,few clouds
60,Shimoda,JP,34.6667,138.95,57.56,76,100,15.88,light rain
61,Praia Da Vitoria,PT,38.7333,-27.0667,65.75,82,40,18.16,scattered clouds
62,Lipin Bor,RU,60.2622,37.9763,31.69,87,68,2.75,broken clouds
63,Palmer,US,42.1584,-72.3287,58.62,84,100,3.56,overcast clouds
64,Bad Aibling,DE,47.8638,12.0106,52.29,97,95,3.0,overcast clouds
65,Zhezkazgan,KZ,47.8043,67.7144,28.38,50,0,11.18,clear sky
66,Sinfra,CI,6.6167,-5.9167,69.82,99,66,2.48,broken clouds
67,Nouadhibou,MR,20.931,-17.0347,64.38,100,75,6.91,fog
68,Saint-Dizier,FR,48.4167,5.0833,53.94,96,24,7.25,few clouds
69,Rumoi,JP,43.9344,141.6428,47.8,46,1,2.51,clear sky
70,Cape Town,ZA,-33.9258,18.4232,62.1,65,75,8.05,broken clouds
71,Alofi,NU,-19.0595,-169.9187,75.09,60,71,13.8,broken clouds
72,Hays,US,30.0502,-98.0336,63.68,81,33,5.01,scattered clouds
73,Hobe Sound,US,27.0595,-80.1364,76.98,73,0,8.05,clear sky
74,Hithadhoo,MV,-0.6,73.0833,82.38,73,22,7.07,few clouds
75,Sur,OM,22.5667,59.5289,86.49,38,0,2.95,clear sky
76,Jamestown,US,42.097,-79.2353,58.05,89,0,6.91,clear sky
77,Port Augusta,AU,-32.5,137.7667,77.14,33,44,9.06,scattered clouds
78,Klaksvik,FO,62.2266,-6.589,50.92,98,100,23.62,moderate rain
79,Namibe,AO,-15.1961,12.1522,68.7,83,15,4.07,light rain
80,Balykshi,KZ,47.0667,51.8667,48.2,93,75,17.9,mist
81,Laguna De Perlas,NI,12.3429,-83.6712,77.88,87,100,3.6,light rain
82,Coahuayana,MX,18.7333,-103.6833,75.67,94,75,2.37,broken clouds
83,Atuona,PF,-9.8,-139.0333,76.78,76,7,17.6,clear sky
84,Aswan,EG,24.0934,32.907,67.3,42,0,8.05,clear sky
85,Saint-Pierre,RE,-21.3393,55.4781,77.92,61,0,5.75,clear sky
86,Batticaloa,LK,7.7102,81.6924,84.76,67,26,5.08,scattered clouds
87,Ylivieska,FI,64.0833,24.55,32.32,80,86,4.63,overcast clouds
88,Samarai,PG,-10.6167,150.6667,83.43,66,45,11.05,scattered clouds
89,Puerto Ayora,EC,-0.7393,-90.3518,66.54,90,100,5.99,overcast clouds
90,Coos Bay,US,43.3665,-124.2179,52.99,100,100,3.44,overcast clouds
91,Haukipudas,FI,65.1765,25.3523,21.25,85,53,8.19,broken clouds
92,Keetmanshoop,NA,-26.5833,18.1333,66.54,35,100,6.73,overcast clouds
93,Aripuana,BR,-9.1667,-60.6333,73.22,95,91,1.9,overcast clouds
94,Gejiu,CN,23.306,103.1635,64.72,64,70,6.98,broken clouds
95,Lagoa,PT,39.05,-27.9833,64.0,74,76,26.42,light rain
96,Arraial Do Cabo,BR,-22.9661,-42.0278,70.99,87,100,7.7,overcast clouds
97,Havoysund,NO,70.9963,24.6622,39.43,78,83,12.21,broken clouds
98,Carnarvon,AU,-24.8667,113.6333,77.07,20,0,25.32,clear sky
99,Bathsheba,BB,13.2167,-59.5167,81.21,89,20,6.91,few clouds
100,Avarua,CK,-21.2078,-159.775,75.25,69,20,8.05,few clouds
101,Talnakh,RU,69.4865,88.3972,24.21,96,100,5.57,light snow
102,Graham,US,47.0529,-122.2943,50.67,85,75,10.36,broken clouds
103,Qaanaaq,GL,77.484,-69.3632,16.74,70,99,7.76,overcast clouds
104,Codrington,AU,-38.2667,141.9667,62.74,89,96,7.83,overcast clouds
105,Narsaq,GL,60.9167,-46.05,20.84,78,67,5.5,broken clouds
106,Beringovskiy,RU,63.05,179.3167,30.54,84,100,11.1,light snow
107,San Quintin,MX,30.4833,-115.95,64.8,62,0,6.98,clear sky
108,Nikolayevsk-Na-Amure,RU,53.1406,140.73,40.39,55,83,9.8,broken clouds
109,Castro,BR,-24.7911,-50.0119,59.09,88,72,8.19,broken clouds
110,Petropavlovsk-Kamchatskiy,RU,53.0452,158.6483,39.79,38,20,8.95,few clouds
111,Maxixe,MZ,-23.8597,35.3472,78.62,89,75,4.61,broken clouds
112,Chapais,CA,49.7834,-74.8492,46.18,84,67,6.42,broken clouds
113,Leningradskiy,RU,69.3833,178.4167,5.31,94,40,5.01,scattered clouds
114,Portland,US,45.5234,-122.6762,51.78,93,40,3.44,scattered clouds
115,Namtsy,RU,62.7161,129.6658,28.36,79,79,15.68,broken clouds
116,Piterka,RU,50.6803,47.4454,44.06,78,100,14.34,overcast clouds
117,Khomutovo,RU,52.4658,104.4025,38.01,39,0,3.69,clear sky
118,Mazara Del Vallo,IT,37.6641,12.588,66.94,66,17,8.16,few clouds
119,Victoria,HK,22.2855,114.1577,80.96,59,99,18.99,overcast clouds
120,Sao Filipe,CV,14.8961,-24.4956,76.53,79,7,4.99,clear sky
121,Son La,VN,21.3167,103.9,80.1,56,72,5.06,broken clouds
122,Bani Walid,LY,31.7566,13.9942,63.99,49,0,5.01,clear sky
123,Fukue,JP,32.6881,128.8419,64.76,45,40,17.27,scattered clouds
124,East London,ZA,-33.0153,27.9116,65.34,94,20,2.3,few clouds
125,Bandarbeyla,SO,9.4942,50.8122,80.17,65,54,7.7,broken clouds
126,Tamiahua,MX,21.2667,-97.45,76.5,93,81,7.47,broken clouds
127,Pontianak,ID,-0.0333,109.3333,84.18,74,75,11.5,broken clouds
128,Nanortalik,GL,60.1432,-45.2371,32.68,80,99,5.59,overcast clouds
129,Cidreira,BR,-30.1811,-50.2056,64.27,70,71,10.36,broken clouds
130,Garcia,MX,25.8167,-100.5833,76.86,74,18,0.89,few clouds
131,Katsuura,JP,35.1333,140.3,55.42,74,100,23.91,light rain
132,Mikuni,JP,36.2171,136.1519,62.51,63,66,20.0,broken clouds
133,Lata,PT,40.1629,-8.3327,62.08,85,98,6.38,overcast clouds
134,Meulaboh,ID,4.1363,96.1285,85.8,66,66,9.15,broken clouds
135,Pochutla,MX,15.7432,-96.4661,75.81,94,61,3.15,broken clouds
136,Svetlyy,RU,54.675,20.1347,53.65,95,98,9.48,overcast clouds
137,Pinega,RU,64.7001,43.3936,30.79,92,51,5.21,broken clouds
138,Rocha,UY,-34.4833,-54.3333,51.08,95,1,5.99,clear sky
139,Butaritari,KI,3.0707,172.7902,81.72,74,12,11.61,few clouds
140,Tuatapere,NZ,-46.1333,167.6833,55.76,54,0,6.44,clear sky
141,Ocean City,US,39.2776,-74.5746,63.0,93,93,1.74,overcast clouds
142,Busselton,AU,-33.65,115.3333,66.4,48,38,15.14,scattered clouds
143,Georgetown,MY,5.4112,100.3354,84.15,82,40,7.0,scattered clouds
144,Langsa,ID,4.4683,97.9683,86.13,68,100,0.65,moderate rain
145,Yulara,AU,-25.2406,130.9889,84.92,35,76,19.71,broken clouds
146,Alice Springs,AU,-23.7,133.8833,80.15,39,75,26.46,broken clouds
147,Hasaki,JP,35.7333,140.8333,57.22,61,100,28.97,moderate rain
148,Baiao,BR,-2.7906,-49.6717,75.02,88,27,1.97,scattered clouds
149,Abu Kamal,SY,34.4506,40.9171,69.66,28,0,3.36,clear sky
150,Adrar,MR,20.5022,-10.0711,80.44,24,99,5.84,overcast clouds
151,Saint-Philippe,RE,-21.3585,55.7679,76.59,80,37,10.22,scattered clouds
152,Chipata,ZM,-13.6333,32.65,76.12,39,53,10.33,broken clouds
153,Poum,NC,-20.2333,164.0167,78.04,75,100,18.86,overcast clouds
154,Sitka,US,57.0531,-135.33,42.69,75,0,6.91,clear sky
155,Shingu,JP,33.7333,135.9833,61.92,67,67,7.87,broken clouds
156,Ponerihouen,NC,-21.0833,165.4,76.24,75,87,11.7,overcast clouds
157,Yanam,IN,16.7333,82.2167,89.44,46,21,1.45,few clouds
158,Honiara,SB,-9.4333,159.95,83.88,77,39,5.35,scattered clouds
159,Nsanje,MW,-16.92,35.262,80.92,60,30,4.74,scattered clouds
160,Sao Joao Da Barra,BR,-21.6403,-41.0511,71.87,86,75,3.4,broken clouds
161,Inhambane,MZ,-23.865,35.3833,78.78,89,75,4.61,broken clouds
162,Bengkulu,ID,-3.8004,102.2655,78.1,83,100,4.92,moderate rain
163,Quatre Cocos,MU,-20.2078,57.7625,77.11,62,5,12.59,clear sky
164,Umm Lajj,SA,25.0213,37.2685,78.37,54,1,8.3,clear sky
165,Atbasar,KZ,51.8,68.3333,36.09,38,73,12.28,broken clouds
166,Porto Walter,BR,-8.2686,-72.7439,74.73,91,100,2.73,overcast clouds
167,Saskylakh,RU,71.9167,114.0833,12.83,94,100,9.24,overcast clouds
168,Emerald,AU,-23.5333,148.1667,93.34,30,0,20.45,clear sky
169,Kalevala,RU,65.2,31.1667,29.05,91,73,3.2,broken clouds
170,Husavik,IS,66.0449,-17.3389,37.08,86,95,6.31,overcast clouds
171,Tabou,CI,4.423,-7.3528,76.19,91,45,6.49,moderate rain
172,Udachnyy,RU,66.4167,112.4,23.45,67,18,17.0,few clouds
173,Thompson,CA,55.7435,-97.8558,28.56,93,100,18.41,light snow
174,Kavieng,PG,-2.5744,150.7967,85.17,66,94,4.43,overcast clouds
175,San Rafael,AR,-34.6177,-68.3301,66.51,51,31,6.44,scattered clouds
176,Teya,RU,60.3778,92.6267,31.57,78,100,13.4,overcast clouds
177,Mawlaik,MM,23.6333,94.4167,70.77,99,100,2.59,overcast clouds
178,Camocim,BR,-2.9022,-40.8411,77.7,83,6,13.0,clear sky
179,Daru,PG,-9.0763,143.2092,85.62,66,9,9.42,clear sky
180,Melk,AT,48.2274,15.3319,57.78,97,100,5.08,overcast clouds
181,Cabo San Lucas,MX,22.8909,-109.9124,78.51,67,63,3.6,broken clouds
182,Lorengau,PG,-2.0226,147.2712,86.77,60,100,6.46,overcast clouds
183,Chuy,UY,-33.6971,-53.4616,54.23,94,1,4.85,clear sky
184,Margate,GB,51.3813,1.3862,53.69,91,18,3.0,few clouds
185,Tsaratanana,MG,-16.7833,47.65,80.13,62,18,1.45,few clouds
186,Serebryansk,KZ,49.6925,83.2892,37.4,46,0,5.23,clear sky
187,Beyneu,KZ,45.3167,55.2,54.1,67,100,14.52,overcast clouds
188,Hostotipaquillo,MX,21.0667,-104.0667,67.05,96,34,2.53,scattered clouds
189,Khatanga,RU,71.9667,102.5,1.74,97,94,3.0,overcast clouds
190,Lillooet,CA,50.6856,-121.942,42.26,90,81,4.23,broken clouds
191,Khani,GE,41.9563,42.9566,45.97,95,99,1.3,overcast clouds
192,Ocos,GT,14.5094,-92.1933,79.12,81,32,3.78,scattered clouds
193,Hervey Bay,AU,-25.2986,152.8535,73.85,87,19,16.64,few clouds
194,Mehriz,IR,31.5917,54.4318,63.1,21,99,0.87,overcast clouds
195,Dunda,TZ,-8.1167,34.25,72.14,54,93,2.71,overcast clouds
196,Oktyabrskiy,RU,54.4815,53.471,34.39,82,97,9.44,overcast clouds
197,Korla,CN,41.7597,86.1469,58.44,32,50,6.78,scattered clouds
198,Panama City,PA,8.9936,-79.5197,75.38,89,40,2.3,scattered clouds
199,Trinidad,BO,-14.8333,-64.9,76.08,79,7,2.82,clear sky
200,Kirakira,SB,-10.4544,161.9205,82.87,77,24,3.51,few clouds
201,Rafai,CF,4.95,23.9167,70.48,96,83,1.43,light rain
202,Ixtapa,MX,20.7,-105.2,79.23,84,100,2.13,overcast clouds
203,Geraldton,AU,-28.7667,114.6,70.21,52,75,18.41,broken clouds
204,Patacamaya,BO,-17.2333,-67.9167,44.8,83,58,7.87,broken clouds
205,Ossora,RU,59.2353,163.0719,32.31,84,100,7.18,overcast clouds
206,Pevek,RU,69.7008,170.3133,1.89,96,36,7.38,scattered clouds
207,Pisco,PE,-13.7,-76.2167,60.03,88,0,10.36,clear sky
208,Xichang,CN,27.8964,102.2634,67.17,82,88,4.61,overcast clouds
209,Buala,SB,-8.145,159.5921,83.61,74,49,4.18,light rain
210,Moshkovo,RU,55.3053,83.6104,36.21,54,63,15.61,broken clouds
211,Say,NE,13.1007,2.3689,81.16,32,38,7.02,scattered clouds
212,Broken Hill,AU,-31.95,141.4333,72.88,40,54,15.5,broken clouds
213,Kassala,SD,15.451,36.4,81.79,58,30,4.07,scattered clouds
214,Kem,RU,64.9555,34.5793,30.92,87,81,5.44,broken clouds
215,Isangel,VU,-19.55,169.2667,84.31,61,40,11.5,scattered clouds
216,Kavaratti,IN,10.5669,72.642,81.68,69,10,1.16,clear sky
217,Santiago,CL,-33.4569,-70.6483,62.85,49,0,8.05,clear sky
218,Angoche,MZ,-16.2325,39.9086,77.47,72,2,12.28,clear sky
219,Baghdad,IQ,33.3406,44.4009,62.51,55,0,9.22,clear sky
220,Dingle,PH,10.9995,122.6711,86.2,70,100,7.29,light rain
221,Saint Anthony,US,45.0205,-93.218,46.89,78,100,11.5,overcast clouds
222,Sterling,US,39.0062,-77.4286,60.22,91,100,0.0,overcast clouds
223,Lerwick,GB,60.1545,-1.1494,51.8,95,100,3.98,light rain
224,Khonsa,IN,27.0167,95.5667,65.53,94,100,1.54,overcast clouds
225,Daund,IN,18.4667,74.6,78.6,43,0,4.85,clear sky
226,Chokurdakh,RU,70.6333,147.9167,3.45,88,100,4.83,overcast clouds
227,Esperance,AU,-33.8667,121.9,62.22,77,100,13.31,overcast clouds
228,Yenotayevka,RU,47.2456,47.0281,48.4,82,100,18.81,overcast clouds
229,Nyurba,RU,63.2842,118.3319,29.8,80,98,10.78,overcast clouds
230,Ternate,ID,0.8,127.4,84.65,74,81,9.51,broken clouds
231,Hobart,AU,-42.8794,147.3294,60.66,94,100,10.36,light rain
232,Kamenka,RU,51.3223,42.7678,38.52,82,69,7.56,broken clouds
233,Eureka,US,40.8021,-124.1637,57.2,86,100,1.01,overcast clouds
234,Mehamn,NO,71.0357,27.8492,35.55,87,100,11.5,overcast clouds
235,Tual,ID,-5.6667,132.75,83.91,72,93,4.79,overcast clouds
236,Ambilobe,MG,-13.2,49.05,82.76,43,15,4.85,few clouds
237,Barguzin,RU,53.6167,109.6167,33.37,52,36,9.8,scattered clouds
238,Nurota,UZ,40.5614,65.6886,59.85,57,91,4.25,overcast clouds
239,Wolfenbuttel,DE,52.1667,10.55,57.65,81,100,9.22,overcast clouds
240,North Myrtle Beach,US,33.816,-78.68,62.1,96,100,0.0,fog
241,Shumskiy,RU,54.8318,99.1328,39.47,28,27,3.65,scattered clouds
242,Clyde River,CA,70.4692,-68.5914,10.63,61,0,16.11,clear sky
243,Kathu,TH,7.9178,98.3332,85.82,99,100,8.14,overcast clouds
244,Solnechnyy,RU,50.7214,136.6319,42.87,42,34,4.38,scattered clouds
245,Thung Song,TH,8.1645,99.6804,92.05,59,100,2.44,overcast clouds
246,Pacific Grove,US,36.6177,-121.9166,57.02,76,0,3.0,smoke
247,Longyearbyen,SJ,78.2186,15.6401,17.44,67,20,3.44,few clouds
248,Akhmim,EG,26.5622,31.745,66.4,58,0,8.5,clear sky
249,Wanning,CN,18.8003,110.3967,78.17,88,61,13.78,broken clouds
250,Oranjemund,NA,-28.55,16.4333,59.5,86,100,12.64,overcast clouds
251,Palmares Do Sul,BR,-30.2578,-50.5097,62.78,72,5,9.51,clear sky
252,Mount Gambier,AU,-37.8333,140.7667,60.71,94,100,12.66,overcast clouds
253,Havelock,US,34.8791,-76.9013,62.58,91,100,3.44,overcast clouds
254,Tshikapa,CD,-6.4167,20.8,70.52,96,100,1.97,overcast clouds
255,Fort Nelson,CA,58.8053,-122.7002,24.94,93,100,5.75,light snow
256,Nikolskoye,RU,59.7035,30.7861,26.49,86,99,3.83,overcast clouds
257,Mayo,US,38.8876,-76.5119,60.94,95,100,0.0,haze
258,Komsomolskiy,UZ,40.4272,71.7189,52.52,93,100,4.61,mist
259,Pahrump,US,36.2083,-115.9839,53.26,22,0,3.0,clear sky
260,Kupang,ID,-10.1667,123.5833,91.98,66,20,11.5,few clouds
261,Cajabamba,PE,-7.6167,-78.05,55.27,78,99,1.57,overcast clouds
262,Kargil,IN,34.5667,76.1,39.58,37,7,0.63,clear sky
263,Sobolevo,RU,54.4299,31.8996,41.5,86,99,6.4,overcast clouds
264,Villa Carlos Paz,AR,-31.4241,-64.4978,70.88,33,24,3.42,light rain
265,Mar Del Plata,AR,-38.0023,-57.5575,60.1,89,0,7.0,clear sky
266,Berlevag,NO,70.8578,29.0864,35.6,75,75,18.41,broken clouds
267,Ghansor,IN,22.65,79.95,74.82,47,0,4.63,clear sky
268,La Ronge,CA,55.1001,-105.2842,32.25,69,75,10.36,broken clouds
269,Camacha,PT,33.0833,-16.3333,67.42,88,20,8.05,few clouds
270,Horadiz,AZ,39.4488,47.3353,47.17,50,2,3.62,clear sky
271,Westport,US,41.1415,-73.3579,65.07,93,100,10.36,mist
272,Trofors,NO,65.5333,13.4063,31.87,83,98,4.56,overcast clouds
273,Mitu,CO,1.1983,-70.1733,69.67,99,81,1.16,moderate rain
274,Chinhoyi,ZW,-17.3667,30.2,76.57,42,79,8.12,broken clouds
275,Bafra,TR,41.5678,35.9069,60.31,78,0,4.18,clear sky
276,Aguimes,ES,27.9054,-15.4461,68.63,83,40,8.99,scattered clouds
277,Robertson,US,36.5167,-86.8667,66.88,52,75,4.61,broken clouds
278,Palana,RU,59.1167,159.9667,27.84,92,100,10.27,light snow
279,Taoudenni,ML,22.6783,-3.9836,78.13,17,95,9.78,overcast clouds
280,Zalantun,CN,48.0,122.7167,54.16,27,8,12.06,clear sky
281,Fairbanks,US,64.8378,-147.7164,26.22,89,100,3.44,light shower snow
282,Strezhevoy,RU,60.7333,77.5889,31.78,76,100,15.55,light snow
283,Coaldale,CA,49.7167,-112.6185,40.32,65,40,21.85,scattered clouds
284,Lusambo,CD,-4.9667,23.45,69.94,94,100,1.12,overcast clouds
285,Atar,MR,20.5169,-13.0499,81.18,46,96,4.72,overcast clouds
286,Torzhok,RU,57.0436,34.9622,31.26,77,93,2.82,overcast clouds
287,Ilo,PE,-17.6394,-71.3375,60.64,81,64,3.27,broken clouds
288,Odesskoye,RU,54.2111,72.9651,30.79,72,31,13.04,scattered clouds
289,Alekseyevsk,RU,57.8406,108.3492,33.69,63,100,13.91,overcast clouds
290,Kroya,ID,-7.6331,109.2461,81.37,78,70,7.65,broken clouds
291,Ginir,ET,7.1333,40.7,62.8,71,38,1.01,scattered clouds
292,Shubarkuduk,KZ,49.1447,56.4872,44.87,66,100,12.84,overcast clouds
293,Tahoua,NE,14.8888,5.2692,80.58,26,0,6.91,clear sky
294,Ribeira Grande,PT,38.5167,-28.7,64.78,83,90,17.0,overcast clouds
295,Okhotsk,RU,59.3833,143.3,21.65,62,100,7.02,overcast clouds
296,Buchanan,LR,5.8808,-10.0467,75.09,92,97,3.24,light rain
297,Alyangula,AU,-13.8483,136.4192,89.67,60,11,15.37,few clouds
298,Taki,IN,22.5861,88.9214,80.55,74,89,6.6,overcast clouds
299,Ancud,CL,-41.8697,-73.8203,48.47,95,93,4.85,overcast clouds
300,Tamworth,GB,52.634,-1.6959,52.93,94,47,4.0,scattered clouds
301,Esmeraldas,BR,-19.7625,-44.3139,65.26,87,2,2.48,clear sky
302,La Rioja,ES,42.25,-2.5,47.98,77,100,6.78,overcast clouds
303,Cockburn Town,TC,21.4612,-71.1419,81.28,68,100,7.4,light rain
304,Umm Kaddadah,SD,13.6017,26.6876,73.99,29,1,14.92,clear sky
305,Damietta,EG,31.4165,31.8133,73.29,72,0,9.37,clear sky
306,Bonthe,SL,7.5264,-12.505,75.13,91,57,3.04,broken clouds
307,Goderich,CA,43.7501,-81.7165,59.32,55,100,10.36,overcast clouds
308,Saint George,US,37.1041,-113.5841,50.59,48,0,1.01,clear sky
309,Maarianhamina,AX,60.0973,19.9348,48.06,93,100,11.5,overcast clouds
310,Wolkersdorf,AT,48.3833,16.5167,59.09,92,99,4.25,overcast clouds
311,Vanimo,PG,-2.6741,141.3028,85.05,70,85,7.36,overcast clouds
312,Juneau,US,58.3019,-134.4197,41.22,97,100,3.44,light rain
313,Manyana,BW,-23.4,21.7167,73.65,39,36,4.59,scattered clouds
314,Turochak,RU,52.2576,87.1224,37.81,42,10,2.75,clear sky
315,Aksarka,RU,66.5606,67.7975,24.76,86,97,11.1,overcast clouds
316,Rawson,AR,-43.3002,-65.1023,62.85,40,81,6.96,broken clouds
317,Masingbi,SL,8.7833,-11.95,71.98,98,85,2.15,overcast clouds
318,Rancho Palos Verdes,US,33.7445,-118.387,67.15,54,0,7.0,clear sky
319,Vostok,RU,46.4856,135.8833,40.93,38,4,7.18,clear sky
320,Pastavy,BY,55.1168,26.8326,45.97,94,100,7.78,overcast clouds
321,Laguna,US,38.421,-121.4238,62.31,42,0,3.44,clear sky
322,Queanbeyan,AU,-35.35,149.2333,71.6,62,75,21.85,light rain
323,Launceston,AU,-41.45,147.1667,66.61,76,100,18.41,light rain
324,Arman,RU,59.7,150.1667,26.02,71,66,1.61,broken clouds
325,Ati,TD,13.2154,18.3353,80.33,24,17,9.75,few clouds
326,Kiunga,PG,-6.1219,141.2906,92.23,50,100,3.85,overcast clouds
327,Arroyo,ES,41.6096,-4.7969,53.15,85,100,6.91,overcast clouds
328,Bubaque,GW,11.2833,-15.8333,80.47,77,87,9.26,overcast clouds
329,Olga,RU,43.7444,135.2892,51.04,34,0,5.99,clear sky
330,Shitanjing,CN,39.2342,106.3439,61.52,42,65,1.99,broken clouds
331,Sao Felix Do Xingu,BR,-6.6447,-51.995,71.94,98,88,0.51,overcast clouds
332,Turukhansk,RU,65.8167,87.9833,30.61,95,100,10.07,overcast clouds
333,Neyshabur,IR,36.2133,58.7958,65.84,37,26,5.32,scattered clouds
334,Saint-Augustin,CA,51.226,-58.6502,46.76,81,48,2.42,scattered clouds
335,Sao Jose Da Coroa Grande,BR,-8.8978,-35.1478,75.79,81,21,9.71,few clouds
336,Ahipara,NZ,-35.1667,173.1667,60.28,77,43,1.39,scattered clouds
337,Mykolayivka,UA,47.5414,30.7561,54.1,96,100,9.37,overcast clouds
338,Nosy Varika,MG,-20.5833,48.5333,76.42,68,10,11.68,clear sky
339,Bara,NG,10.3744,10.7288,74.48,56,63,2.84,broken clouds
340,Aykhal,RU,66.0,111.5,17.56,93,48,17.22,scattered clouds
341,Zhuhai,CN,22.2769,113.5678,80.38,69,20,17.27,few clouds
342,Mecca,SA,21.4267,39.8261,80.42,54,0,3.31,clear sky
343,Harper,LR,4.375,-7.7169,76.64,89,51,6.51,light rain
344,Humberto De Campos,BR,-2.5983,-43.4611,77.47,82,33,7.29,scattered clouds
345,Shu,KZ,43.5983,73.7614,52.02,67,96,9.15,overcast clouds
346,Letlhakane,BW,-21.4167,25.5833,72.77,52,39,10.45,scattered clouds
347,Monastyryshche,UA,48.9909,29.8047,50.11,85,83,6.02,broken clouds
348,Port Shepstone,ZA,-30.7414,30.455,70.61,81,46,8.43,scattered clouds
349,Dikson,RU,73.5069,80.5464,27.14,74,100,18.37,overcast clouds
350,Nantucket,US,41.2835,-70.0995,64.54,98,20,6.91,few clouds
351,Olden,NO,61.8364,6.8064,44.11,93,100,6.51,overcast clouds
352,Mandalgovi,MN,45.7625,106.2708,34.66,54,100,25.48,overcast clouds
353,Sale,MA,34.0389,-6.8166,78.64,25,62,11.5,broken clouds
354,Pokoynoye,RU,44.8097,44.2517,53.76,66,97,11.63,overcast clouds
355,Namatanai,PG,-3.6667,152.4333,85.41,68,60,6.13,broken clouds
356,Suhbaatar,MN,50.2314,106.2078,37.78,33,82,5.32,broken clouds
357,San Cristobal,VE,7.7669,-72.225,73.58,90,98,1.68,overcast clouds
358,Atasu,KZ,48.6814,71.6433,39.36,24,7,7.25,clear sky
359,Itarema,BR,-2.9248,-39.9167,78.35,79,8,14.85,clear sky
360,Cayenne,GF,4.9333,-52.3333,78.84,89,0,0.0,clear sky
361,Souillac,MU,-20.5167,57.5167,77.38,65,40,11.5,scattered clouds
362,Sola,VU,-13.8833,167.55,83.07,79,4,0.0,clear sky
363,Kochi,IN,9.9399,76.2602,85.98,70,96,2.71,overcast clouds
364,Vysokogornyy,RU,50.1167,139.15,38.61,42,2,12.77,clear sky
365,Cuiluan,CN,47.72,128.648,49.5,27,13,9.8,few clouds
366,Honningsvag,NO,70.9821,25.9704,38.95,70,75,9.22,broken clouds
367,Qasigiannguit,GL,68.8193,-51.1922,28.62,98,100,4.29,light snow
368,Ilhabela,BR,-23.7781,-45.3581,68.72,90,89,3.74,overcast clouds
369,Ogulin,HR,45.2661,15.2286,52.61,86,87,2.86,overcast clouds
370,Isla Mujeres,MX,21.2311,-86.731,80.17,76,42,13.69,scattered clouds
371,Pokhara,NP,28.2333,83.9833,71.67,53,0,5.59,clear sky
372,Ukiah,US,39.1502,-123.2078,59.65,84,0,0.0,clear sky
373,Conil,FR,44.9673,3.7177,43.99,82,75,4.12,broken clouds
374,Matara,LK,5.9485,80.5353,84.69,66,66,8.79,broken clouds
375,Corvallis,US,44.5646,-123.262,51.08,76,0,4.61,clear sky
376,San Patricio,US,28.017,-97.5169,80.49,85,6,18.84,clear sky
377,Te Anau,NZ,-45.4167,167.7167,60.44,35,1,2.24,clear sky
378,Zaysan,KZ,47.4667,84.8667,39.11,45,28,4.56,scattered clouds
379,Erenhot,CN,43.6475,111.9767,62.62,18,56,15.52,broken clouds
380,Vossevangen,NO,60.623,6.4229,49.53,94,100,3.44,overcast clouds
381,Fortuna,US,40.5982,-124.1573,56.93,81,100,3.8,overcast clouds
382,Stulovo,RU,58.7225,50.1439,32.11,94,98,6.87,overcast clouds
383,Dryden,CA,49.7833,-92.7503,43.09,75,100,16.11,overcast clouds
384,Muzhi,RU,65.3667,64.6667,27.25,92,100,9.4,light snow
385,Cap Malheureux,MU,-19.9842,57.6142,77.47,61,2,8.99,clear sky
386,Constitucion,CL,-35.3333,-72.4167,51.24,92,100,6.29,overcast clouds
387,Sayyan,YE,15.1718,44.3244,59.2,30,5,4.97,clear sky
388,Touros,BR,-5.1989,-35.4608,78.13,75,14,14.52,few clouds
389,Vila Velha,BR,-20.3297,-40.2925,71.55,94,20,0.0,few clouds
390,Gizo,SB,-8.103,156.8419,85.15,65,54,5.91,broken clouds
391,Gouyave,GD,12.1646,-61.7296,79.57,89,20,0.0,few clouds
392,Kruisfontein,ZA,-34.0033,24.7314,63.43,91,96,11.77,overcast clouds
393,Floriano,BR,-6.7669,-43.0225,78.13,66,53,2.26,broken clouds
394,Tessalit,ML,20.1986,1.0114,71.82,23,57,11.05,broken clouds
395,Itaituba,BR,-4.2761,-55.9836,75.85,89,100,1.28,overcast clouds
396,Tilichiki,RU,60.4667,166.1,17.69,82,100,7.14,overcast clouds
397,Noumea,NC,-22.2763,166.4572,84.18,76,95,11.14,overcast clouds
398,Vila Franca Do Campo,PT,37.7167,-25.4333,64.81,75,71,14.61,broken clouds
399,Tulun,RU,54.5611,100.5792,37.04,37,23,8.66,few clouds
400,Dong Hoi,VN,17.4833,106.6,77.4,90,100,4.74,heavy intensity rain
401,Mount Isa,AU,-20.7333,139.5,96.57,24,75,9.22,broken clouds
402,Alghero,IT,40.5589,8.3181,68.09,73,48,6.91,scattered clouds
403,Moroto,UG,2.5345,34.6666,71.44,59,27,6.93,scattered clouds
404,Rio Grande,BR,-32.035,-52.0986,59.59,88,0,8.12,clear sky
405,Cislau,RO,45.25,26.3667,48.96,58,98,2.64,overcast clouds
406,Booue,GA,-0.0921,11.9385,71.98,100,100,1.05,moderate rain
407,Nkhata Bay,MW,-11.6066,34.2907,80.17,52,62,5.59,broken clouds
408,Vincennes,FR,48.85,2.4333,57.92,92,100,5.75,overcast clouds
409,Lumphat,KH,13.4878,106.9816,85.48,73,85,1.63,overcast clouds
410,Lewiston,US,44.1003,-70.2148,57.92,97,100,3.44,overcast clouds
411,Yar-Sale,RU,66.8333,70.8333,21.88,93,60,8.21,broken clouds
412,Belaya Gora,RU,68.5333,146.4167,9.84,82,100,2.17,overcast clouds
413,Pyaozerskiy,RU,65.8333,31.1667,30.25,87,64,4.09,broken clouds
414,Westerlo,BE,51.0905,4.9154,57.2,90,40,5.75,scattered clouds
415,Lavrentiya,RU,65.5833,-171.0,24.39,73,6,2.84,clear sky
416,Soligalich,RU,59.0778,42.2864,34.25,78,94,6.29,overcast clouds
417,Tasiilaq,GL,65.6145,-37.6368,29.77,96,100,13.13,snow
418,Hualmay,PE,-11.0964,-77.6139,61.07,85,65,10.31,broken clouds
419,Kazuno,JP,40.1836,140.7872,52.84,81,100,5.55,overcast clouds
420,Nacogdoches,US,31.6002,-94.6335,75.06,85,100,16.11,overcast clouds
421,Pangnirtung,CA,66.1451,-65.7125,11.19,77,4,10.92,clear sky
422,Gari,RU,59.4307,62.3497,32.41,72,69,10.8,broken clouds
423,Mildura,AU,-34.2,142.15,73.08,70,92,15.95,overcast clouds
424,Joshimath,IN,30.5667,79.5667,65.91,30,0,6.91,clear sky
425,Mookane,BW,-23.688,26.6595,70.66,60,23,9.13,few clouds
426,Myitkyina,MM,25.3833,97.4,67.75,99,100,1.34,overcast clouds
427,Kawalu,ID,-7.3817,108.2082,79.61,80,100,5.68,overcast clouds
428,Raga,SS,8.4596,25.678,69.84,68,37,2.39,scattered clouds
429,Asau,RO,46.4333,26.4,45.52,81,100,5.53,overcast clouds
430,Meihekou,CN,42.5272,125.6753,53.46,37,0,12.1,clear sky
431,Port Pirie,AU,-33.1833,138.0167,68.65,53,29,9.17,scattered clouds
432,Luis Correia,BR,-2.8792,-41.6669,78.17,83,21,13.78,few clouds
433,Onega,RU,63.9061,38.1404,33.22,89,100,3.27,overcast clouds
434,Caravelas,BR,-17.7125,-39.2481,71.74,94,100,6.76,overcast clouds
435,Cherskiy,RU,68.75,161.3,-1.37,90,35,8.28,scattered clouds
436,Ondangwa,NA,-17.9167,15.95,79.63,21,80,8.81,broken clouds
437,Puerto Ayacucho,VE,5.6639,-67.6236,73.2,91,100,1.97,overcast clouds
438,Kotka,FI,60.4664,26.9458,27.66,70,84,12.59,broken clouds
439,Luganville,VU,-15.5333,167.1667,78.75,84,72,4.9,broken clouds
440,Rio Cauto,CU,20.5603,-76.9161,71.08,91,4,4.94,clear sky
441,Kropotkin,RU,45.4375,40.5756,51.91,78,99,5.7,overcast clouds
442,Taphan Hin,TH,16.2209,100.4198,87.62,64,75,0.92,broken clouds
443,Kurilsk,RU,45.2333,147.8833,43.63,51,82,10.51,broken clouds
444,Manakara,MG,-22.1333,48.0167,76.51,69,23,10.31,few clouds
445,Punta Alta,AR,-38.8759,-62.0736,61.32,81,68,2.17,broken clouds
446,Mezhdurechensk,RU,53.6942,88.0603,37.72,54,16,2.66,few clouds
447,Jiuquan,CN,39.7432,98.5174,55.13,27,0,6.42,clear sky
448,Fort-Shevchenko,KZ,44.5086,50.263,55.9,71,95,28.86,light rain
449,General Roca,AR,-39.0333,-67.5833,63.36,27,24,7.36,few clouds
450,Hamilton,US,39.1834,-84.5333,66.22,51,75,10.36,broken clouds
451,Chama,CH,47.1821,8.4636,54.28,92,75,2.3,moderate rain
452,Sambava,MG,-14.2667,50.1667,76.57,62,3,5.1,clear sky
453,Flinders,AU,-34.5833,150.8552,78.19,81,62,4.0,heavy intensity rain
454,Esso,RU,55.9333,158.7,20.88,94,56,6.22,light snow
455,Oriximina,BR,-1.7656,-55.8661,80.35,67,78,2.37,broken clouds
456,Pangody,RU,65.85,74.4859,27.43,94,100,7.25,overcast clouds
457,Victor Harbor,AU,-35.5667,138.6167,62.67,86,99,1.99,overcast clouds
458,Farmington,US,36.7281,-108.2187,39.88,49,0,18.41,clear sky
459,Haimen,CN,23.1935,116.6142,78.69,56,89,22.66,overcast clouds
460,Nelson Bay,AU,-32.7167,152.15,75.09,82,62,11.01,light rain
461,Mackay,AU,-21.15,149.2,90.68,84,27,21.72,scattered clouds
462,Gavle,SE,60.6745,17.1417,47.34,98,100,3.0,light rain
463,Banda Aceh,ID,5.5577,95.3222,85.53,66,86,9.82,overcast clouds
464,Gushikawa,JP,26.3544,127.8686,76.59,53,40,13.8,scattered clouds
465,Ilebo,CD,-4.3167,20.5833,70.5,99,99,0.29,light rain
466,Palpa,PE,-14.5336,-75.1856,64.17,70,19,2.44,few clouds
467,Dongsheng,CN,39.8161,109.9776,59.77,45,20,18.92,few clouds
468,Hokitika,NZ,-42.7167,170.9667,51.1,89,100,4.63,overcast clouds
469,Vestmannaeyjar,IS,63.4427,-20.2734,43.41,85,100,10.98,overcast clouds
470,Shakiso,ET,5.75,38.9167,63.14,83,30,2.98,scattered clouds
471,Nioki,CD,-2.7167,17.6833,70.03,98,100,1.32,light rain
472,Tarauaca,BR,-8.1614,-70.7656,73.49,89,87,1.28,overcast clouds
473,Kralendijk,BQ,12.15,-68.2667,78.78,94,93,4.61,overcast clouds
474,Barinas,VE,8.6226,-70.2075,71.42,96,100,2.37,overcast clouds
475,Krasnyy Yar,RU,46.5331,48.3456,49.96,77,99,18.28,overcast clouds
476,Bilma,NE,18.6853,12.9164,70.34,19,0,14.56,clear sky
477,Kaitangata,NZ,-46.2817,169.8464,53.33,63,0,7.16,clear sky
478,Selizharovo,RU,56.8519,33.4487,30.47,81,75,4.16,broken clouds
479,Melo,UY,-32.3667,-54.1833,52.3,97,2,5.57,clear sky
480,Kastamonu,TR,41.5,33.6667,43.65,87,0,1.03,clear sky
481,Carutapera,BR,-1.195,-46.02,78.1,78,76,7.09,broken clouds
482,Anadyr,RU,64.75,177.4833,12.7,79,0,8.95,clear sky
483,Santa Maria,BR,-29.6842,-53.8069,55.49,97,70,6.82,broken clouds
484,Sicamous,CA,50.8331,-118.9856,41.97,99,100,1.74,overcast clouds
485,Santa Rosalia,MX,27.3167,-112.2833,68.59,48,0,8.01,clear sky
486,Tigil,RU,57.8,158.6667,25.83,91,70,2.89,broken clouds
487,Pajapita,GT,14.7167,-92.0333,80.47,91,46,3.27,scattered clouds
488,Woodward,US,36.4337,-99.3904,52.83,49,100,11.5,overcast clouds
489,Tigzirt,DZ,36.8886,4.1198,71.4,40,98,10.2,overcast clouds
490,Am Timan,TD,11.0297,20.2827,71.44,43,19,6.17,few clouds
491,Shetpe,KZ,44.1667,52.1167,52.23,77,77,21.43,broken clouds
492,Camalu,MX,30.85,-116.0667,63.72,55,0,4.09,clear sky
493,Koygorodok,RU,60.445,50.9968,32.04,82,99,7.94,overcast clouds
494,Batagay-Alyta,RU,67.8006,130.4114,21.2,66,100,15.41,overcast clouds
495,Chara,RU,56.9064,118.2631,27.36,49,3,4.97,clear sky
496,Vanavara,RU,60.34,102.2797,30.65,86,100,14.54,light snow
497,Grand Gaube,MU,-20.0064,57.6608,77.4,62,2,8.01,clear sky
498,Wum,CM,6.3833,10.0667,64.11,90,99,3.87,overcast clouds
499,Borger,NL,52.9233,6.7931,55.9,93,96,13.85,overcast clouds
500,Brae,GB,60.3964,-1.353,52.36,95,99,5.35,light rain
501,Middletown,US,39.5151,-84.3983,66.11,56,0,9.22,clear sky
502,Salalah,OM,17.0151,54.0924,81.21,51,6,1.07,clear sky
503,Santa Cruz,BO,-17.8,-63.1667,71.06,78,46,5.75,scattered clouds
504,Maldonado,UY,-34.6667,-54.9167,58.39,95,1,7.02,clear sky
505,Huarmey,PE,-10.0681,-78.1522,61.25,89,57,9.17,broken clouds
506,Kieta,PG,-6.2167,155.6333,82.92,77,26,1.81,light rain
507,Nome,US,64.5011,-165.4064,30.27,93,100,3.44,light snow
508,Varzea Da Palma,BR,-17.5981,-44.7308,70.02,74,92,1.5,overcast clouds
509,Port Blair,IN,11.6667,92.75,86.04,74,40,4.61,scattered clouds
510,Redmond,US,47.674,-122.1215,52.63,91,88,1.99,overcast clouds
511,Cabedelo,BR,-6.9811,-34.8339,77.67,77,5,11.65,clear sky
512,Karakulino,RU,56.012,53.7067,35.55,66,81,8.21,broken clouds
513,Forrest City,US,35.0081,-90.7898,71.46,56,62,18.01,broken clouds
514,Nisia Floresta,BR,-6.0911,-35.2086,79.61,86,16,8.37,few clouds
515,Dzhebariki-Khaya,RU,62.2167,135.8,27.32,86,100,11.1,overcast clouds
516,Vaitape,PF,-16.5167,-151.75,79.83,77,100,17.81,overcast clouds
517,Whitehorse,CA,60.7161,-135.0538,25.57,87,100,6.91,light snow
518,Santa Isabel Do Rio Negro,BR,-0.4139,-65.0192,73.09,99,95,2.08,overcast clouds
519,Port Hardy,CA,50.6996,-127.4199,46.58,87,40,6.91,scattered clouds
520,Mbuji-Mayi,CD,-6.15,23.6,71.69,89,100,2.28,overcast clouds
521,Marawi,PH,7.9986,124.2928,75.13,89,90,5.5,overcast clouds
522,Linhares,BR,-19.3911,-40.0722,69.19,97,100,2.01,light rain
523,Dekar,BW,-21.5333,21.9333,79.79,33,93,7.47,overcast clouds
524,Henties Bay,NA,-22.116,14.2845,59.99,83,98,4.56,overcast clouds
525,Antalaha,MG,-14.9003,50.2788,76.87,61,38,2.8,scattered clouds
526,Evensk,RU,61.95,159.2333,19.6,93,100,5.88,overcast clouds
527,Talara,PE,-4.5772,-81.2719,64.54,81,52,13.65,broken clouds
528,Olafsvik,IS,64.8945,-23.7142,40.69,75,100,12.59,overcast clouds
529,Pointe Michel,DM,15.25,-61.3833,81.16,81,100,7.0,overcast clouds
530,Torbay,CA,47.6666,-52.7314,51.49,92,75,10.36,broken clouds
531,Avera,US,33.194,-82.5271,52.38,58,56,3.6,broken clouds
532,Marsa Matruh,EG,31.3525,27.2453,71.8,68,40,8.05,scattered clouds
533,Ashington,GB,50.9331,-0.3909,60.19,87,39,5.99,scattered clouds
534,Ziway,ET,7.9333,38.7167,67.41,61,44,8.84,scattered clouds
535,Bilibino,RU,68.0546,166.4372,-12.77,98,56,4.12,broken clouds
536,Eyl,SO,7.9803,49.8164,80.56,73,68,4.34,broken clouds
537,Kidal,ML,18.4411,1.4078,76.1,20,98,12.19,overcast clouds
538,Chuzhou,CN,32.3219,118.2978,71.85,26,63,15.57,broken clouds
539,Reporoa,NZ,-38.4333,176.35,61.41,55,100,5.7,overcast clouds
540,Demyansk,RU,57.643,32.466,31.42,77,80,4.7,broken clouds
541,Kahului,US,20.8947,-156.47,79.84,80,17,5.01,few clouds
542,Masallatah,LY,32.6167,14.0,68.95,46,0,3.49,clear sky
543,Wakkanai,JP,45.4094,141.6739,49.98,53,75,10.36,broken clouds
544,Smithers,CA,54.7804,-127.1743,39.52,70,100,3.44,overcast clouds
545,Salaga,GH,8.5508,-0.5188,75.6,77,64,3.53,broken clouds
546,Chifeng,CN,42.2683,118.9636,68.92,20,26,15.08,scattered clouds
547,Saldanha,ZA,-33.0117,17.9442,55.45,76,90,12.77,overcast clouds
548,Hirara,JP,24.8,125.2833,77.27,50,75,19.57,broken clouds
549,Kovdor,RU,67.5662,30.4758,27.14,95,29,3.18,scattered clouds
550,Busayra,JO,30.7376,35.6078,62.22,56,53,2.64,broken clouds
551,Vicksburg,US,32.3526,-90.8779,73.63,88,75,9.22,broken clouds
552,Duluth,US,46.7833,-92.1066,49.48,66,100,10.36,overcast clouds
553,Barcanesti,RO,44.8833,26.05,56.35,88,61,3.38,broken clouds
554,North Bend,US,43.4065,-124.2243,52.92,100,100,3.44,overcast clouds
555,Narasannapeta,IN,18.4167,84.05,83.89,60,32,4.36,scattered clouds
556,Takoradi,GH,4.8845,-1.7554,77.23,88,94,4.61,overcast clouds
557,Denpasar,ID,-8.65,115.2167,85.71,79,40,11.5,scattered clouds
558,Longyan,CN,25.1072,117.0225,81.73,25,90,4.25,overcast clouds
559,Los Llanos De Aridane,ES,28.6585,-17.9182,64.15,79,0,3.0,clear sky
560,Coquimbo,CL,-29.9533,-71.3436,53.33,93,100,2.3,overcast clouds
561,Bambous Virieux,MU,-20.3428,57.7575,77.25,65,40,11.5,scattered clouds
562,Rosarito,MX,32.3333,-117.0333,64.13,45,0,6.44,clear sky
563,Dzilam Gonzalez,MX,21.2833,-88.9333,73.17,94,61,5.61,broken clouds
564,Pirai Do Sul,BR,-24.5261,-49.9486,58.68,91,65,5.32,broken clouds
565,Devils Lake,US,48.1128,-98.8651,33.78,84,100,18.41,overcast clouds
566,Ulaangom,MN,49.9811,92.0667,33.49,37,0,4.03,clear sky
567,Upata,VE,8.0086,-62.3989,75.2,90,93,1.57,overcast clouds
568,Riyadh,SA,24.6877,46.7219,68.14,15,0,5.23,clear sky
569,Kaeo,NZ,-35.1,173.7833,61.32,82,75,10.4,broken clouds
570,Pecangakan,ID,-6.9302,109.1188,85.35,65,94,3.13,overcast clouds
571,Montepuez,MZ,-13.1256,38.9997,73.0,63,31,7.16,scattered clouds
572,Salinopolis,BR,-0.6136,-47.3561,79.32,76,90,10.76,overcast clouds
573,Champerico,GT,14.3,-91.9167,78.69,83,12,4.68,few clouds
574,Pandan,PH,14.0453,124.1694,83.08,85,96,11.16,overcast clouds
575,Grenfell,AU,-33.9,148.1667,67.46,77,27,11.72,light rain
576,Sibolga,ID,1.7427,98.7792,80.42,85,100,1.12,overcast clouds
577,Bondowoso,ID,-7.9135,113.8214,82.27,78,83,4.56,broken clouds
578,Kovur,IN,14.4833,79.9833,87.51,38,2,5.39,clear sky
579,Alexandria,EG,31.2156,29.9553,61.34,62,39,4.76,scattered clouds
580,Griffith,US,41.5284,-87.4237,70.05,53,0,13.8,clear sky
581,Stromness,GB,58.965,-3.296,52.88,87,90,8.01,overcast clouds
582,Omsukchan,RU,62.5333,155.8,7.25,97,65,8.66,broken clouds
583,Marovoay,MG,-16.1,46.6333,82.08,64,0,3.98,clear sky
584,Torit,SS,4.4133,32.5678,75.78,74,55,1.48,broken clouds
585,Neiafu,TO,-18.65,-173.9833,77.68,61,20,8.05,few clouds
586,Lahij,YE,13.1667,44.5833,78.71,54,8,7.94,clear sky
587,Heihe,CN,50.2441,127.4902,52.38,30,73,18.32,broken clouds
588,Guerrero Negro,MX,27.9769,-114.0611,68.88,36,0,1.34,clear sky
589,Makakilo City,US,21.3469,-158.0858,77.68,83,100,0.0,overcast clouds
590,Nemuro,JP,43.3236,145.575,47.01,51,94,13.15,overcast clouds
591,Rorvik,NO,64.8621,11.2373,42.91,81,0,6.91,clear sky
592,Virginia Beach,US,36.8529,-75.978,60.03,96,100,0.0,overcast clouds
593,Arkul,RU,57.2808,50.044,35.2,94,100,8.84,overcast clouds
594,Tacuarembo,UY,-31.7333,-55.9833,52.7,96,4,4.5,clear sky
595,Ozernovskiy,RU,51.5,156.5167,39.49,58,100,20.42,light rain
596,Motema,SL,8.6,-11.0333,68.79,98,98,1.97,overcast clouds
597,Gainsborough,GB,53.3833,-0.7667,51.98,87,0,4.61,clear sky
598,Batemans Bay,AU,-35.7167,150.1833,70.11,48,29,9.1,scattered clouds
599,Gympie,AU,-26.1898,152.665,80.06,64,55,3.02,broken clouds
600,Qiongshan,CN,20.0058,110.3542,82.38,65,75,20.13,broken clouds
601,Buraydah,SA,26.326,43.975,64.85,16,0,8.01,clear sky
602,Leeton,AU,-34.5667,146.4,67.91,71,30,15.41,scattered clouds
603,Biak,ID,-0.9131,122.8766,85.73,62,76,2.37,broken clouds
604,Tianpeng,CN,30.9866,103.9393,57.67,88,100,6.49,overcast clouds
605,Sembe,CG,1.6481,14.5806,69.66,99,100,1.19,moderate rain
606,Kangalassy,RU,62.3464,129.9628,31.93,78,91,14.79,overcast clouds
607,Iqaluit,CA,63.7506,-68.5145,20.93,68,100,4.61,light snow
608,Nizhnevartovsk,RU,60.9344,76.5531,33.82,69,0,15.99,clear sky
609,Barentu,ER,15.1139,37.5928,78.33,50,89,1.59,overcast clouds
610,Andrelandia,BR,-21.7397,-44.3092,59.85,97,36,3.71,scattered clouds
611,Morant Bay,JM,17.8815,-76.4093,82.02,81,5,4.36,clear sky
612,High Level,CA,58.5169,-117.136,28.51,100,100,8.05,overcast clouds
613,Serta,PT,39.8085,-8.0988,60.94,91,100,5.19,overcast clouds
614,Viesca,MX,25.35,-102.8,74.8,34,5,6.87,clear sky
615,Envira,BR,-7.3,-70.2167,73.33,91,74,2.48,broken clouds
616,Miraflores,MX,19.2167,-98.8083,67.03,85,45,2.08,scattered clouds
617,Turayf,SA,31.6725,38.6637,61.05,55,75,14.97,broken clouds
618,Fenoarivo,MG,-18.933,47.4354,66.27,88,75,6.91,broken clouds
619,Tres Arroyos,AR,-38.3739,-60.2798,65.68,56,96,14.9,light rain
620,Panguna,PG,-6.3164,155.4848,75.56,84,62,0.87,light rain
621,Sitio Novo Do Tocantins,BR,-5.5183,-47.4611,84.13,65,40,3.44,scattered clouds
622,Keuruu,FI,62.2667,24.7,28.58,91,85,4.45,overcast clouds
623,Nuuk,GL,64.1835,-51.7216,31.71,97,98,5.77,light snow
624,Tazovskiy,RU,67.4667,78.7,23.36,93,93,2.33,overcast clouds
625,Sumbe,AO,-11.2061,13.8437,75.16,89,70,6.31,broken clouds
626,Sabang,ID,5.8933,95.3214,82.45,75,78,12.03,broken clouds
627,Usogorsk,RU,63.4106,48.6872,27.84,92,34,6.29,scattered clouds
628,Khorixas,NA,-20.3667,14.9667,68.36,35,58,0.96,broken clouds
629,Dubbo,AU,-32.25,148.6167,73.53,56,100,13.8,overcast clouds
630,Jieshi,CN,22.8134,115.8257,75.06,56,98,23.62,overcast clouds
631,Petropavlovskoye,RU,52.0712,84.107,39.24,37,0,1.01,clear sky
632,Santa Cruz De Tenerife,ES,28.4682,-16.2546,73.45,84,20,8.05,few clouds
633,Chiusi,IT,43.016,11.9475,62.91,94,93,5.61,overcast clouds
634,Acajutla,SV,13.5928,-89.8275,78.37,84,42,4.54,scattered clouds
635,Koboko,UG,3.4136,30.9599,66.94,86,74,3.6,broken clouds
636,Sosnovo-Ozerskoye,RU,52.5249,111.5418,33.37,35,37,13.29,scattered clouds
637,Piacabucu,BR,-10.4056,-36.4344,75.22,86,9,10.13,clear sky
638,Ryotsu,JP,38.0833,138.4333,58.23,50,74,13.96,broken clouds
639,Xinzhi,CN,36.4989,111.7047,66.94,25,100,8.25,overcast clouds
640,Americus,US,32.0724,-84.2327,55.53,82,0,0.0,clear sky
641,Hue,VN,16.4667,107.6,77.11,94,75,2.3,mist
642,Nishihara,JP,26.1842,127.7558,76.28,47,40,19.57,scattered clouds
643,Gat,IL,31.61,34.7642,74.39,65,19,3.56,light rain
644,Kulhudhuffushi,MV,6.6221,73.07,81.72,78,98,11.5,light rain
645,Matamoros,MX,25.5333,-103.25,74.1,26,2,10.36,clear sky
646,Batagay,RU,67.6333,134.6333,23.5,65,100,16.96,overcast clouds
647,Banjarmasin,ID,-3.3244,114.591,87.94,88,100,4.45,overcast clouds
648,Kyotera,UG,-0.6156,31.5175,69.31,69,83,3.36,broken clouds
649,Puerto Del Rosario,ES,28.5004,-13.8627,71.35,88,100,6.91,overcast clouds
650,Lasa,IT,46.6166,10.7002,48.36,96,100,2.93,overcast clouds
651,Saint-Georges,GD,12.0564,-61.7485,80.19,85,59,7.54,broken clouds
652,Shangzhi,CN,45.2167,127.9667,52.86,24,2,8.57,clear sky
653,Basqal,AZ,40.7552,48.391,49.01,62,41,2.37,scattered clouds
654,Usinsk,RU,65.9939,57.5281,25.34,96,72,5.91,light snow
655,Lompoc,US,34.6391,-120.4579,54.59,82,0,3.67,clear sky
656,Edgewater,US,28.9889,-80.9023,70.09,72,25,6.04,scattered clouds
657,Dawlatabad,AF,36.4141,64.9053,67.01,39,59,4.23,broken clouds
658,Boende,CD,-0.2167,20.8667,70.66,99,100,1.5,overcast clouds
659,Baruun-Urt,MN,46.6806,113.2792,43.59,50,99,11.83,overcast clouds
660,Cotacachi,EC,0.3,-78.2667,55.74,96,100,1.39,light rain
661,Santa Marinella,IT,42.0345,11.8536,68.49,94,73,13.58,broken clouds
662,Bemidji,US,47.4736,-94.8803,41.92,93,100,9.22,overcast clouds
663,Skelleftea,SE,64.7507,20.9528,36.0,100,100,4.61,light intensity drizzle
664,Kloulklubed,PW,7.0419,134.2556,86.5,81,100,23.2,overcast clouds
665,Patan,NP,27.6667,85.3333,70.18,64,20,2.3,few clouds
666,Awbari,LY,26.5921,12.7805,59.56,42,0,5.68,clear sky
667,Alibag,IN,18.6411,72.8792,86.07,56,0,3.02,clear sky
668,Winnemucca,US,40.973,-117.7357,48.36,33,100,7.25,overcast clouds
669,Phibun Mangsahan,TH,15.2447,105.2291,91.09,59,92,5.55,overcast clouds
670,Voyvozh,RU,62.892,54.9635,27.64,93,98,7.99,light snow
671,Kyabram,AU,-36.3167,145.05,69.53,75,55,8.72,moderate rain
672,Mbaiki,CF,3.8678,17.9892,69.84,97,100,0.87,overcast clouds
673,Fairhope,US,30.523,-87.9033,74.68,82,0,5.01,clear sky
674,San Juan,AR,-31.5375,-68.5364,74.73,25,2,3.76,clear sky
675,Kemijarvi,FI,66.7131,27.4306,27.84,77,88,3.27,overcast clouds
676,Zhenlai,CN,45.8495,123.2973,58.44,38,1,20.29,clear sky
677,Sept-Iles,CA,50.2001,-66.3821,45.82,90,26,3.83,scattered clouds
678,Bosaso,SO,11.2842,49.1816,82.08,57,5,4.81,clear sky
679,Cortes,ES,41.9395,-1.4396,61.88,61,100,6.24,overcast clouds
